periodo;residencia_provincia_nombre;Confirmado;Sospechoso;Descartado;total;rat_conf_total;rat_sosp_total;rat_desc_total
202001;Buenos Aires                                      ;0.0;0.0;2.0;2.0;0.0;0.0;1.0
202001;CABA                                              ;0.0;0.0;3.0;3.0;0.0;0.0;1.0
202002;Buenos Aires                                      ;0.0;1.0;15.0;16.0;0.0;0.0625;0.9375
202002;CABA                                              ;0.0;0.0;7.0;7.0;0.0;0.0;1.0
202002;Córdoba                                           ;0.0;0.0;2.0;2.0;0.0;0.0;1.0
202002;Corrientes                                        ;0.0;0.0;1.0;1.0;0.0;0.0;1.0
202002;Formosa                                           ;0.0;0.0;1.0;1.0;0.0;0.0;1.0
202002;Mendoza                                           ;0.0;0.0;1.0;1.0;0.0;0.0;1.0
202002;Santa Fe                                          ;0.0;0.0;1.0;1.0;0.0;0.0;1.0
202002;Tierra del Fuego                                  ;0.0;0.0;1.0;1.0;0.0;0.0;1.0
202003;Buenos Aires                                      ;422.0;75.0;1708.0;2205.0;0.19138322;0.0340136054;0.7746031746
202003;CABA                                              ;421.0;4.0;1280.0;1705.0;0.2469208211;0.0023460411;0.7507331378
202003;Catamarca                                         ;3.0;0.0;14.0;17.0;0.1764705882;0.0;0.8235294118
202003;Chaco                                             ;106.0;54.0;614.0;774.0;0.1369509044;0.0697674419;0.7932816537
202003;Chubut                                            ;1.0;1.0;53.0;55.0;0.0181818182;0.0181818182;0.9636363636
202003;Córdoba                                           ;121.0;12.0;860.0;993.0;0.1218529708;0.0120845921;0.8660624371
202003;Corrientes                                        ;31.0;32.0;185.0;248.0;0.125;0.1290322581;0.7459677419
202003;Entre Ríos                                        ;18.0;3.0;138.0;159.0;0.1132075472;0.0188679245;0.8679245283
202003;Formosa                                           ;0.0;0.0;6.0;6.0;0.0;0.0;1.0
202003;Jujuy                                             ;11.0;1.0;51.0;63.0;0.1746031746;0.0158730159;0.8095238095
202003;La Pampa                                          ;3.0;0.0;16.0;19.0;0.1578947368;0.0;0.8421052632
202003;La Rioja                                          ;7.0;2.0;21.0;30.0;0.2333333333;0.0666666667;0.7
202003;Mendoza                                           ;31.0;2.0;84.0;117.0;0.264957265;0.0170940171;0.7179487179
202003;Misiones                                          ;3.0;0.0;18.0;21.0;0.1428571429;0.0;0.8571428571
202003;Neuquén                                           ;29.0;1.0;101.0;131.0;0.2213740458;0.0076335878;0.7709923664
202003;Río Negro                                         ;12.0;0.0;33.0;45.0;0.2666666667;0.0;0.7333333333
202003;Salta                                             ;6.0;0.0;46.0;52.0;0.1153846154;0.0;0.8846153846
202003;San Juan                                          ;1.0;0.0;27.0;28.0;0.0357142857;0.0;0.9642857143
202003;San Luis                                          ;13.0;1.0;45.0;59.0;0.2203389831;0.0169491525;0.7627118644
202003;Santa Cruz                                        ;21.0;1.0;61.0;83.0;0.2530120482;0.0120481928;0.734939759
202003;Santa Fe                                          ;152.0;0.0;584.0;736.0;0.2065217391;0.0;0.7934782609
202003;Santiago del Estero                               ;6.0;1.0;20.0;27.0;0.2222222222;0.037037037;0.7407407407
202003;Tierra del Fuego                                  ;68.0;0.0;133.0;201.0;0.3383084577;0.0;0.6616915423
202003;Tucumán                                           ;28.0;0.0;196.0;224.0;0.125;0.0;0.875
202004;Buenos Aires                                      ;2044.0;301.0;16957.0;19302.0;0.1058957621;0.0155942389;0.878509999
202004;CABA                                              ;1142.0;20.0;8249.0;9411.0;0.1213473595;0.0021251727;0.8765274679
202004;Catamarca                                         ;6.0;2.0;119.0;127.0;0.0472440945;0.0157480315;0.937007874
202004;Chaco                                             ;233.0;75.0;1872.0;2180.0;0.1068807339;0.0344036697;0.8587155963
202004;Chubut                                            ;5.0;1.0;103.0;109.0;0.0458715596;0.0091743119;0.9449541284
202004;Córdoba                                           ;249.0;88.0;5162.0;5499.0;0.0452809602;0.0160029096;0.9387161302
202004;Corrientes                                        ;81.0;28.0;776.0;885.0;0.0915254237;0.0316384181;0.8768361582
202004;Entre Ríos                                        ;6.0;6.0;423.0;435.0;0.0137931034;0.0137931034;0.9724137931
202004;Formosa                                           ;2.0;2.0;110.0;114.0;0.0175438596;0.0175438596;0.9649122807
202004;Jujuy                                             ;41.0;9.0;835.0;885.0;0.0463276836;0.0101694915;0.9435028249
202004;La Pampa                                          ;2.0;0.0;105.0;107.0;0.0186915888;0.0;0.9813084112
202004;La Rioja                                          ;155.0;3.0;379.0;537.0;0.2886405959;0.0055865922;0.7057728119
202004;Mendoza                                           ;109.0;24.0;855.0;988.0;0.1103238866;0.024291498;0.8653846154
202004;Misiones                                          ;14.0;3.0;341.0;358.0;0.0391061453;0.0083798883;0.9525139665
202004;Neuquén                                           ;90.0;0.0;617.0;707.0;0.1272984441;0.0;0.8727015559
202004;Río Negro                                         ;270.0;0.0;778.0;1048.0;0.2576335878;0.0;0.7423664122
202004;Salta                                             ;7.0;0.0;157.0;164.0;0.0426829268;0.0;0.9573170732
202004;San Juan                                          ;6.0;1.0;272.0;279.0;0.0215053763;0.0035842294;0.9749103943
202004;San Luis                                          ;6.0;1.0;138.0;145.0;0.0413793103;0.0068965517;0.9517241379
202004;Santa Cruz                                        ;35.0;5.0;169.0;209.0;0.1674641148;0.023923445;0.8086124402
202004;Santa Fe                                          ;141.0;2.0;3926.0;4069.0;0.0346522487;0.0004915213;0.96485623
202004;Santiago del Estero                               ;11.0;6.0;167.0;184.0;0.0597826087;0.0326086957;0.9076086957
202004;Tierra del Fuego                                  ;91.0;1.0;695.0;787.0;0.1156289708;0.001270648;0.8831003812
202004;Tucumán                                           ;38.0;2.0;1251.0;1291.0;0.0294345469;0.0015491867;0.9690162665
202005;Buenos Aires                                      ;6325.0;751.0;28979.0;36055.0;0.1754264318;0.0208292886;0.8037442796
202005;CABA                                              ;7973.0;62.0;15608.0;23643.0;0.3372245485;0.0026223407;0.6601531109
202005;Catamarca                                         ;14.0;1.0;166.0;181.0;0.0773480663;0.0055248619;0.9171270718
202005;Chaco                                             ;600.0;67.0;2925.0;3592.0;0.1670378619;0.0186525612;0.8143095768
202005;Chubut                                            ;10.0;1.0;217.0;228.0;0.0438596491;0.0043859649;0.951754386
202005;Córdoba                                           ;244.0;108.0;6960.0;7312.0;0.0333698031;0.0147702407;0.9518599562
202005;Corrientes                                        ;165.0;23.0;1245.0;1433.0;0.1151430565;0.0160502442;0.8688066992
202005;Entre Ríos                                        ;14.0;11.0;551.0;576.0;0.0243055556;0.0190972222;0.9565972222
202005;Formosa                                           ;2.0;1.0;492.0;495.0;0.004040404;0.002020202;0.9939393939
202005;Jujuy                                             ;39.0;40.0;838.0;917.0;0.0425299891;0.0436205016;0.9138495093
202005;La Pampa                                          ;1.0;0.0;101.0;102.0;0.0098039216;0.0;0.9901960784
202005;La Rioja                                          ;143.0;10.0;557.0;710.0;0.2014084507;0.014084507;0.7845070423
202005;Mendoza                                           ;49.0;20.0;689.0;758.0;0.0646437995;0.0263852243;0.9089709763
202005;Misiones                                          ;12.0;3.0;615.0;630.0;0.019047619;0.0047619048;0.9761904762
202005;Neuquén                                           ;35.0;1.0;576.0;612.0;0.0571895425;0.0016339869;0.9411764706
202005;Río Negro                                         ;217.0;0.0;879.0;1096.0;0.1979927007;0.0;0.8020072993
202005;Salta                                             ;12.0;7.0;341.0;360.0;0.0333333333;0.0194444444;0.9472222222
202005;San Juan                                          ;9.0;1.0;272.0;282.0;0.0319148936;0.0035460993;0.9645390071
202005;San Luis                                          ;1.0;1.0;124.0;126.0;0.0079365079;0.0079365079;0.9841269841
202005;Santa Cruz                                        ;5.0;4.0;146.0;155.0;0.0322580645;0.0258064516;0.9419354839
202005;Santa Fe                                          ;65.0;1.0;4219.0;4285.0;0.0151691949;0.0002333722;0.9845974329
202005;Santiago del Estero                               ;19.0;37.0;1131.0;1187.0;0.0160067397;0.0311710194;0.9528222409
202005;Tierra del Fuego                                  ;25.0;0.0;452.0;477.0;0.0524109015;0.0;0.9475890985
202005;Tucumán                                           ;53.0;18.0;3024.0;3095.0;0.0171243942;0.005815832;0.9770597738
202006;Buenos Aires                                      ;32217.0;4086.0;60521.0;96824.0;0.332737751;0.0422002809;0.6250619681
202006;CABA                                              ;20629.0;220.0;29813.0;50662.0;0.40718882;0.0043425052;0.5884686747
202006;Catamarca                                         ;30.0;4.0;291.0;325.0;0.0923076923;0.0123076923;0.8953846154
202006;Chaco                                             ;1242.0;286.0;4846.0;6374.0;0.1948540948;0.0448697835;0.7602761217
202006;Chubut                                            ;145.0;24.0;977.0;1146.0;0.1265270506;0.0209424084;0.852530541
202006;Córdoba                                           ;257.0;188.0;6824.0;7269.0;0.0353556198;0.0258632549;0.9387811253
202006;Corrientes                                        ;62.0;46.0;930.0;1038.0;0.0597302505;0.0443159923;0.8959537572
202006;Entre Ríos                                        ;270.0;52.0;1191.0;1513.0;0.1784534038;0.0343688037;0.7871777925
202006;Formosa                                           ;74.0;2.0;109.0;185.0;0.4;0.0108108108;0.5891891892
202006;Jujuy                                             ;178.0;157.0;880.0;1215.0;0.1465020576;0.129218107;0.7242798354
202006;La Pampa                                          ;7.0;3.0;206.0;216.0;0.0324074074;0.0138888889;0.9537037037
202006;La Rioja                                          ;162.0;3.0;589.0;754.0;0.2148541114;0.0039787798;0.7811671088
202006;Mendoza                                           ;145.0;49.0;1198.0;1392.0;0.1041666667;0.0352011494;0.8606321839
202006;Misiones                                          ;13.0;2.0;518.0;533.0;0.0243902439;0.0037523452;0.9718574109
202006;Neuquén                                           ;371.0;2.0;837.0;1210.0;0.3066115702;0.0016528926;0.6917355372
202006;Río Negro                                         ;628.0;4.0;1525.0;2157.0;0.2911451089;0.0018544274;0.7070004636
202006;Salta                                             ;35.0;9.0;474.0;518.0;0.0675675676;0.0173745174;0.9150579151
202006;San Juan                                          ;8.0;1.0;266.0;275.0;0.0290909091;0.0036363636;0.9672727273
202006;San Luis                                          ;4.0;9.0;223.0;236.0;0.0169491525;0.0381355932;0.9449152542
202006;Santa Cruz                                        ;11.0;3.0;170.0;184.0;0.0597826087;0.0163043478;0.9239130435
202006;Santa Fe                                          ;225.0;48.0;4319.0;4592.0;0.0489982578;0.0104529617;0.9405487805
202006;Santiago del Estero                               ;21.0;46.0;1427.0;1494.0;0.0140562249;0.030789826;0.9551539491
202006;Tierra del Fuego                                  ;4.0;1.0;196.0;201.0;0.0199004975;0.0049751244;0.9751243781
202006;Tucumán                                           ;100.0;105.0;3177.0;3382.0;0.0295683028;0.0310467179;0.9393849793
202007;Buenos Aires                                      ;93696.0;12023.0;98417.0;204136.0;0.4589881256;0.0588970098;0.4821148646
202007;CABA                                              ;33527.0;681.0;41587.0;75795.0;0.4423378851;0.0089847615;0.5486773534
202007;Catamarca                                         ;277.0;3.0;1086.0;1366.0;0.2027818448;0.0021961933;0.7950219619
202007;Chaco                                             ;1574.0;153.0;8906.0;10633.0;0.1480297188;0.0143891658;0.8375811154
202007;Chubut                                            ;194.0;66.0;1496.0;1756.0;0.1104783599;0.0375854214;0.8519362187
202007;Córdoba                                           ;1762.0;298.0;9547.0;11607.0;0.1518049453;0.0256741621;0.8225208926
202007;Corrientes                                        ;101.0;34.0;651.0;786.0;0.1284987277;0.0432569975;0.8282442748
202007;Entre Ríos                                        ;561.0;84.0;1757.0;2402.0;0.2335553705;0.0349708576;0.7314737719
202007;Formosa                                           ;3.0;4.0;58.0;65.0;0.0461538462;0.0615384615;0.8923076923
202007;Jujuy                                             ;3402.0;1058.0;5644.0;10104.0;0.3366983373;0.1047110055;0.5585906572
202007;La Pampa                                          ;151.0;7.0;428.0;586.0;0.2576791809;0.0119453925;0.7303754266
202007;La Rioja                                          ;479.0;11.0;1355.0;1845.0;0.2596205962;0.0059620596;0.7344173442
202007;Mendoza                                           ;1461.0;85.0;2747.0;4293.0;0.3403214535;0.0197996739;0.6398788726
202007;Misiones                                          ;6.0;9.0;649.0;664.0;0.0090361446;0.0135542169;0.9774096386
202007;Neuquén                                           ;739.0;25.0;1357.0;2121.0;0.3484205563;0.011786893;0.6397925507
202007;Río Negro                                         ;1268.0;14.0;1969.0;3251.0;0.3900338357;0.0043063673;0.605659797
202007;Salta                                             ;316.0;73.0;603.0;992.0;0.3185483871;0.0735887097;0.6078629032
202007;San Juan                                          ;16.0;1.0;173.0;190.0;0.0842105263;0.0052631579;0.9105263158
202007;San Luis                                          ;26.0;19.0;257.0;302.0;0.0860927152;0.0629139073;0.8509933775
202007;Santa Cruz                                        ;426.0;7.0;283.0;716.0;0.594972067;0.0097765363;0.3952513966
202007;Santa Fe                                          ;922.0;131.0;6671.0;7724.0;0.119368203;0.0169601243;0.8636716727
202007;Santiago del Estero                               ;45.0;51.0;2298.0;2394.0;0.0187969925;0.0213032581;0.9598997494
202007;Tierra del Fuego                                  ;515.0;0.0;877.0;1392.0;0.3699712644;0.0;0.6300287356
202007;Tucumán                                           ;258.0;417.0;3589.0;4264.0;0.0605065666;0.0977954972;0.8416979362
202008;Buenos Aires                                      ;150851.0;17395.0;149358.0;317604.0;0.4749656805;0.0547694613;0.4702648581
202008;CABA                                              ;37002.0;1554.0;62468.0;101024.0;0.3662694013;0.0153824834;0.6183481153
202008;Catamarca                                         ;101.0;9.0;928.0;1038.0;0.0973025048;0.0086705202;0.894026975
202008;Chaco                                             ;1905.0;285.0;9172.0;11362.0;0.1676641436;0.025083612;0.8072522443
202008;Chubut                                            ;868.0;94.0;2226.0;3188.0;0.2722710163;0.0294855709;0.6982434128
202008;Córdoba                                           ;6764.0;569.0;13431.0;20764.0;0.3257561164;0.0274031978;0.6468406858
202008;Corrientes                                        ;228.0;41.0;2876.0;3145.0;0.0724960254;0.013036566;0.9144674086
202008;Entre Ríos                                        ;2929.0;119.0;3297.0;6345.0;0.4616233255;0.0187549251;0.5196217494
202008;Formosa                                           ;7.0;13.0;247.0;267.0;0.0262172285;0.0486891386;0.925093633
202008;Jujuy                                             ;6545.0;1132.0;6210.0;13887.0;0.4713040974;0.0815150861;0.4471808166
202008;La Pampa                                          ;71.0;5.0;1416.0;1492.0;0.0475871314;0.0033512064;0.9490616622
202008;La Rioja                                          ;1536.0;9.0;1521.0;3066.0;0.5009784736;0.0029354207;0.4960861057
202008;Mendoza                                           ;7061.0;784.0;7768.0;15613.0;0.452251329;0.0502145648;0.4975341062
202008;Misiones                                          ;6.0;24.0;799.0;829.0;0.0072376357;0.0289505428;0.9638118215
202008;Neuquén                                           ;2112.0;46.0;2389.0;4547.0;0.4644820761;0.0101165604;0.5254013635
202008;Río Negro                                         ;4401.0;65.0;4307.0;8773.0;0.5016527984;0.0074090961;0.4909381056
202008;Salta                                             ;3492.0;493.0;2994.0;6979.0;0.5003582175;0.0706404929;0.4290012896
202008;San Juan                                          ;213.0;4.0;236.0;453.0;0.4701986755;0.0088300221;0.5209713024
202008;San Luis                                          ;140.0;47.0;252.0;439.0;0.3189066059;0.1070615034;0.5740318907
202008;Santa Cruz                                        ;1489.0;92.0;2323.0;3904.0;0.3814036885;0.0235655738;0.5950307377
202008;Santa Fe                                          ;7470.0;724.0;11982.0;20176.0;0.3702418715;0.0358842189;0.5938739096
202008;Santiago del Estero                               ;980.0;191.0;3226.0;4397.0;0.2228792358;0.0434387082;0.7336820559
202008;Tierra del Fuego                                  ;1687.0;8.0;1911.0;3606.0;0.4678313921;0.0022185247;0.5299500832
202008;Tucumán                                           ;2897.0;4197.0;4314.0;11408.0;0.2539446003;0.3678997195;0.3781556802
202009;Buenos Aires                                      ;154095.0;13753.0;166313.0;334161.0;0.4611399894;0.0411568076;0.4977032029
202009;CABA                                              ;29815.0;1448.0;67688.0;98951.0;0.3013107498;0.0146335055;0.6840557448
202009;Catamarca                                         ;509.0;17.0;2299.0;2825.0;0.1801769912;0.0060176991;0.8138053097
202009;Chaco                                             ;3286.0;831.0;11838.0;15955.0;0.2059542463;0.0520839862;0.7419617675
202009;Chubut                                            ;3970.0;355.0;2399.0;6724.0;0.5904223676;0.0527959548;0.3567816776
202009;Córdoba                                           ;26198.0;3532.0;10617.0;40347.0;0.6493171735;0.0875405854;0.2631422411
202009;Corrientes                                        ;1012.0;595.0;3197.0;4804.0;0.2106577852;0.1238551207;0.6654870941
202009;Entre Ríos                                        ;4292.0;148.0;5610.0;10050.0;0.4270646766;0.0147263682;0.5582089552
202009;Formosa                                           ;34.0;7.0;185.0;226.0;0.1504424779;0.0309734513;0.8185840708
202009;Jujuy                                             ;6563.0;516.0;6450.0;13529.0;0.4851060684;0.0381402912;0.4767536403
202009;La Pampa                                          ;631.0;13.0;3626.0;4270.0;0.1477751756;0.0030444965;0.8491803279
202009;La Rioja                                          ;3531.0;42.0;3545.0;7118.0;0.4960663108;0.0059005339;0.4980331554
202009;Mendoza                                           ;18960.0;2035.0;16603.0;37598.0;0.5042821427;0.0541252194;0.4415926379
202009;Misiones                                          ;43.0;16.0;1637.0;1696.0;0.0253537736;0.0094339623;0.9652122642
202009;Neuquén                                           ;7699.0;211.0;4401.0;12311.0;0.6253756803;0.0171391439;0.3574851759
202009;Río Negro                                         ;7135.0;55.0;6027.0;13217.0;0.5398350609;0.0041613074;0.4560036317
202009;Salta                                             ;9466.0;1260.0;7447.0;18173.0;0.5208826281;0.0693336268;0.4097837451
202009;San Juan                                          ;560.0;31.0;319.0;910.0;0.6153846154;0.0340659341;0.3505494505
202009;San Luis                                          ;1670.0;477.0;3007.0;5154.0;0.3240201785;0.0925494761;0.5834303454
202009;Santa Cruz                                        ;3085.0;260.0;2681.0;6026.0;0.5119482244;0.0431463657;0.4449054099
202009;Santa Fe                                          ;35737.0;1206.0;13673.0;50616.0;0.7060415679;0.023826458;0.2701319741
202009;Santiago del Estero                               ;2592.0;344.0;3959.0;6895.0;0.375924583;0.0498912255;0.5741841914
202009;Tierra del Fuego                                  ;2644.0;11.0;2872.0;5527.0;0.4783788674;0.0019902298;0.5196309028
202009;Tucumán                                           ;15153.0;4240.0;3082.0;22475.0;0.6742157953;0.1886540601;0.1371301446
202010;Buenos Aires                                      ;126239.0;9647.0;163128.0;299014.0;0.4221842456;0.0322627034;0.545553051
202010;CABA                                              ;19960.0;1478.0;75501.0;96939.0;0.2059026811;0.0152467015;0.7788506174
202010;Catamarca                                         ;961.0;11.0;2909.0;3881.0;0.2476165937;0.0028343211;0.7495490853
202010;Chaco                                             ;5465.0;1486.0;10576.0;17527.0;0.3118046443;0.0847834769;0.6034118788
202010;Chubut                                            ;10345.0;431.0;5745.0;16521.0;0.6261727498;0.0260880092;0.347739241
202010;Córdoba                                           ;51338.0;11350.0;14613.0;77301.0;0.6641311238;0.1468286309;0.1890402453
202010;Corrientes                                        ;1425.0;385.0;1998.0;3808.0;0.3742121849;0.1011029412;0.5246848739
202010;Entre Ríos                                        ;8853.0;319.0;6612.0;15784.0;0.5608844399;0.0202103396;0.4189052205
202010;Formosa                                           ;36.0;16.0;346.0;398.0;0.0904522613;0.040201005;0.8693467337
202010;Jujuy                                             ;1948.0;244.0;5350.0;7542.0;0.2582869265;0.0323521612;0.7093609122
202010;La Pampa                                          ;2733.0;18.0;5947.0;8698.0;0.3142101633;0.0020694413;0.6837203955
202010;La Rioja                                          ;3105.0;48.0;3912.0;7065.0;0.4394904459;0.0067940552;0.5537154989
202010;Mendoza                                           ;21446.0;1700.0;18653.0;41799.0;0.5130744755;0.0406708294;0.4462546951
202010;Misiones                                          ;187.0;21.0;2715.0;2923.0;0.0639753678;0.0071843996;0.9288402326
202010;Neuquén                                           ;14474.0;345.0;5623.0;20442.0;0.7080520497;0.0168770179;0.2750709324
202010;Río Negro                                         ;11458.0;99.0;6591.0;18148.0;0.6313643377;0.0054551466;0.3631805158
202010;Salta                                             ;6058.0;877.0;7487.0;14422.0;0.4200526973;0.0608098738;0.5191374289
202010;San Juan                                          ;1912.0;439.0;1595.0;3946.0;0.4845413077;0.1112519007;0.4042067917
202010;San Luis                                          ;6291.0;1476.0;10341.0;18108.0;0.347415507;0.0815109344;0.5710735586
202010;Santa Cruz                                        ;4824.0;397.0;4344.0;9565.0;0.504338735;0.0415054888;0.4541557763
202010;Santa Fe                                          ;63240.0;1729.0;31724.0;96693.0;0.6540287301;0.0178813358;0.3280899341
202010;Santiago del Estero                               ;6383.0;331.0;13785.0;20499.0;0.311381043;0.0161471291;0.6724718279
202010;Tierra del Fuego                                  ;7343.0;63.0;3025.0;10431.0;0.7039593519;0.0060396894;0.2900009587
202010;Tucumán                                           ;32968.0;4826.0;16124.0;53918.0;0.6114470121;0.0895062873;0.2990467005
202011;Buenos Aires                                      ;69529.0;8444.0;145766.0;223739.0;0.3107594116;0.0377404029;0.6515001855
202011;CABA                                              ;11140.0;2049.0;67376.0;80565.0;0.1382734438;0.0254328803;0.8362936759
202011;Catamarca                                         ;1666.0;15.0;4492.0;6173.0;0.269884983;0.0024299368;0.7276850802
202011;Chaco                                             ;5478.0;1230.0;10393.0;17101.0;0.3203321443;0.0719256184;0.6077422373
202011;Chubut                                            ;8614.0;202.0;7095.0;15911.0;0.5413864622;0.0126956194;0.4459179184
202011;Córdoba                                           ;28860.0;9944.0;122578.0;161382.0;0.1788303528;0.0616177765;0.7595518707
202011;Corrientes                                        ;4619.0;323.0;2085.0;7027.0;0.6573217589;0.0459655614;0.2967126797
202011;Entre Ríos                                        ;8154.0;269.0;6929.0;15352.0;0.5311360083;0.017522147;0.4513418447
202011;Formosa                                           ;36.0;40.0;842.0;918.0;0.0392156863;0.0435729847;0.917211329
202011;Jujuy                                             ;541.0;102.0;3492.0;4135.0;0.130834341;0.0246674728;0.8444981862
202011;La Pampa                                          ;2434.0;10.0;5118.0;7562.0;0.3218725205;0.0013224015;0.676805078
202011;La Rioja                                          ;1357.0;62.0;3143.0;4562.0;0.2974572556;0.0135905305;0.6889522139
202011;Mendoza                                           ;8711.0;1320.0;18093.0;28124.0;0.3097354573;0.0469350021;0.6433295406
202011;Misiones                                          ;263.0;27.0;2630.0;2920.0;0.0900684932;0.0092465753;0.9006849315
202011;Neuquén                                           ;9899.0;191.0;5890.0;15980.0;0.6194618273;0.0119524406;0.3685857322
202011;Río Negro                                         ;7757.0;70.0;6385.0;14212.0;0.5458063608;0.0049254151;0.449268224
202011;Salta                                             ;2227.0;493.0;5441.0;8161.0;0.2728832251;0.0604092636;0.6667075113
202011;San Juan                                          ;5184.0;1607.0;5635.0;12426.0;0.4171897634;0.1293256076;0.453484629
202011;San Luis                                          ;6856.0;4707.0;16138.0;27701.0;0.2475000902;0.1699216635;0.5825782463
202011;Santa Cruz                                        ;6869.0;326.0;12625.0;19820.0;0.3465691221;0.0164480323;0.6369828456
202011;Santa Fe                                          ;41071.0;1442.0;37939.0;80452.0;0.5105031572;0.0179237309;0.4715731119
202011;Santiago del Estero                               ;5855.0;369.0;12321.0;18545.0;0.3157185225;0.0198975465;0.664383931
202011;Tierra del Fuego                                  ;4528.0;29.0;2609.0;7166.0;0.6318727323;0.0040468881;0.3640803796
202011;Tucumán                                           ;15597.0;2194.0;26172.0;43963.0;0.3547756068;0.0499056024;0.5953187908
202012;Buenos Aires                                      ;68422.0;9008.0;160851.0;238281.0;0.2871483668;0.0378041052;0.6750475279
202012;CABA                                              ;17863.0;2463.0;122317.0;142643.0;0.1252287178;0.0172668831;0.8575043991
202012;Catamarca                                         ;1245.0;12.0;3891.0;5148.0;0.2418414918;0.0023310023;0.7558275058
202012;Chaco                                             ;5273.0;700.0;11378.0;17351.0;0.3039017924;0.0403434961;0.6557547115
202012;Chubut                                            ;9132.0;234.0;7986.0;17352.0;0.5262793914;0.0134854772;0.4602351314
202012;Córdoba                                           ;14023.0;4426.0;195650.0;214099.0;0.065497737;0.0206726795;0.9138295835
202012;Corrientes                                        ;4670.0;358.0;3113.0;8141.0;0.573639602;0.0439749417;0.3823854563
202012;Entre Ríos                                        ;7586.0;219.0;6627.0;14432.0;0.5256374723;0.015174612;0.4591879157
202012;Formosa                                           ;41.0;11.0;774.0;826.0;0.0496368039;0.0133171913;0.9370460048
202012;Jujuy                                             ;217.0;71.0;3007.0;3295.0;0.0658573596;0.0215477997;0.9125948407
202012;La Pampa                                          ;5685.0;20.0;9508.0;15213.0;0.3736935516;0.0013146651;0.6249917833
202012;La Rioja                                          ;623.0;136.0;3042.0;3801.0;0.1639042357;0.0357800579;0.8003157064
202012;Mendoza                                           ;3180.0;844.0;13623.0;17647.0;0.1802006007;0.0478268261;0.7719725732
202012;Misiones                                          ;647.0;35.0;4727.0;5409.0;0.1196154557;0.006470697;0.8739138473
202012;Neuquén                                           ;6862.0;157.0;7180.0;14199.0;0.48327347;0.0110571167;0.5056694133
202012;Río Negro                                         ;7167.0;128.0;7278.0;14573.0;0.4917999039;0.0087833665;0.4994167296
202012;Salta                                             ;1105.0;363.0;5005.0;6473.0;0.1707090993;0.0560790978;0.7732118029
202012;San Juan                                          ;4086.0;1376.0;8136.0;13598.0;0.3004853655;0.1011913517;0.5983232828
202012;San Luis                                          ;1344.0;4391.0;7140.0;12875.0;0.1043883495;0.3410485437;0.5545631068
202012;Santa Cruz                                        ;7830.0;400.0;8866.0;17096.0;0.4580018718;0.0233972859;0.5186008423
202012;Santa Fe                                          ;28273.0;1165.0;33522.0;62960.0;0.4490628971;0.0185038119;0.532433291
202012;Santiago del Estero                               ;1915.0;544.0;11228.0;13687.0;0.1399137868;0.0397457441;0.8203404691
202012;Tierra del Fuego                                  ;2432.0;19.0;2122.0;4573.0;0.5318171878;0.0041548218;0.4640279904
202012;Tucumán                                           ;5048.0;1045.0;18570.0;24663.0;0.2046790739;0.0423711633;0.7529497628
202101;Buenos Aires                                      ;120063.0;12468.0;236889.0;369420.0;0.3250040604;0.033750203;0.6412457366
202101;CABA                                              ;37550.0;3208.0;285158.0;325916.0;0.1152137361;0.009843027;0.8749432369
202101;Catamarca                                         ;3161.0;25.0;6150.0;9336.0;0.3385818338;0.0026778063;0.6587403599
202101;Chaco                                             ;5978.0;678.0;17755.0;24411.0;0.244889599;0.027774364;0.727336037
202101;Chubut                                            ;9858.0;294.0;10498.0;20650.0;0.4773849879;0.0142372881;0.508377724
202101;Córdoba                                           ;17480.0;4513.0;83735.0;105728.0;0.1653299031;0.042685003;0.7919850938
202101;Corrientes                                        ;5177.0;199.0;3511.0;8887.0;0.582536289;0.0223922584;0.3950714527
202101;Entre Ríos                                        ;12464.0;184.0;10879.0;23527.0;0.5297743019;0.0078208016;0.4624048965
202101;Formosa                                           ;834.0;773.0;15080.0;16687.0;0.0499790256;0.0463234853;0.9036974891
202101;Jujuy                                             ;801.0;122.0;4309.0;5232.0;0.1530963303;0.0233180428;0.8235856269
202101;La Pampa                                          ;5340.0;93.0;10080.0;15513.0;0.3442274222;0.005994972;0.6497776059
202101;La Rioja                                          ;867.0;17.0;3943.0;4827.0;0.1796146675;0.0035218562;0.8168634763
202101;Mendoza                                           ;3733.0;843.0;17618.0;22194.0;0.1681986122;0.0379832387;0.793818149
202101;Misiones                                          ;3703.0;39.0;4288.0;8030.0;0.4611457036;0.004856787;0.5339975093
202101;Neuquén                                           ;12733.0;489.0;11333.0;24555.0;0.5185501934;0.0199144777;0.4615353289
202101;Río Negro                                         ;9378.0;83.0;10085.0;19546.0;0.4797912616;0.0042463931;0.5159623452
202101;Salta                                             ;1578.0;134.0;7024.0;8736.0;0.1806318681;0.0153388278;0.804029304
202101;San Juan                                          ;2589.0;648.0;9436.0;12673.0;0.2042925905;0.0511323286;0.7445750809
202101;San Luis                                          ;16052.0;3032.0;24793.0;43877.0;0.3658408734;0.0691022631;0.5650568635
202101;Santa Cruz                                        ;8527.0;617.0;12201.0;21345.0;0.3994846568;0.028906067;0.5716092762
202101;Santa Fe                                          ;29455.0;1029.0;41775.0;72259.0;0.4076308834;0.0142404406;0.578128676
202101;Santiago del Estero                               ;3635.0;489.0;14595.0;18719.0;0.1941877237;0.0261231903;0.779689086
202101;Tierra del Fuego                                  ;2657.0;15.0;3220.0;5892.0;0.4509504413;0.0025458248;0.5465037339
202101;Tucumán                                           ;5254.0;1129.0;25189.0;31572.0;0.1664132776;0.0357595338;0.7978271886
202102;Buenos Aires                                      ;74476.0;9124.0;220548.0;304148.0;0.2448676302;0.0299985533;0.7251338164
202102;CABA                                              ;22688.0;2512.0;307730.0;332930.0;0.0681464572;0.0075451296;0.9243084132
202102;Catamarca                                         ;2670.0;21.0;6465.0;9156.0;0.2916120577;0.002293578;0.7060943644
202102;Chaco                                             ;3375.0;376.0;19574.0;23325.0;0.1446945338;0.0161200429;0.8391854234
202102;Chubut                                            ;4290.0;121.0;9117.0;13528.0;0.3171200473;0.0089444116;0.6739355411
202102;Córdoba                                           ;15305.0;4293.0;83518.0;103116.0;0.1484250747;0.0416327243;0.809942201
202102;Corrientes                                        ;4612.0;521.0;19592.0;24725.0;0.1865318504;0.0210717897;0.79239636
202102;Entre Ríos                                        ;4079.0;117.0;8132.0;12328.0;0.3308728099;0.0094905905;0.6596365996
202102;Formosa                                           ;628.0;46.0;25494.0;26168.0;0.0239987771;0.0017578722;0.9742433507
202102;Jujuy                                             ;1442.0;97.0;4586.0;6125.0;0.2354285714;0.0158367347;0.7487346939
202102;La Pampa                                          ;2269.0;42.0;7821.0;10132.0;0.22394394;0.0041452823;0.7719107777
202102;La Rioja                                          ;1002.0;34.0;3784.0;4820.0;0.2078838174;0.0070539419;0.7850622407
202102;Mendoza                                           ;3275.0;993.0;14676.0;18944.0;0.1728779561;0.052417652;0.7747043919
202102;Misiones                                          ;3479.0;28.0;4545.0;8052.0;0.4320665673;0.0034773969;0.5644560358
202102;Neuquén                                           ;6816.0;256.0;9640.0;16712.0;0.4078506462;0.0153183341;0.5768310196
202102;Río Negro                                         ;4557.0;51.0;8560.0;13168.0;0.3460662211;0.0038730255;0.6500607533
202102;Salta                                             ;2464.0;86.0;7425.0;9975.0;0.2470175439;0.0086215539;0.7443609023
202102;San Juan                                          ;1411.0;654.0;6815.0;8880.0;0.1588963964;0.0736486486;0.767454955
202102;San Luis                                          ;10330.0;1384.0;16114.0;27828.0;0.3712088544;0.0497340808;0.5790570648
202102;Santa Cruz                                        ;3062.0;337.0;9916.0;13315.0;0.2299662035;0.025309801;0.7447239955
202102;Santa Fe                                          ;10561.0;732.0;32587.0;43880.0;0.2406791249;0.0166818596;0.7426390155
202102;Santiago del Estero                               ;1852.0;272.0;13242.0;15366.0;0.1205258363;0.0177014187;0.861772745
202102;Tierra del Fuego                                  ;1033.0;13.0;2494.0;3540.0;0.2918079096;0.0036723164;0.704519774
202102;Tucumán                                           ;3517.0;1010.0;22667.0;27194.0;0.1293299993;0.0371405457;0.833529455
202103;Buenos Aires                                      ;116294.0;13434.0;249110.0;378838.0;0.306975541;0.0354610678;0.6575633912
202103;CABA                                              ;32165.0;4116.0;226533.0;262814.0;0.1223869352;0.0156612661;0.8619517986
202103;Catamarca                                         ;2901.0;26.0;6863.0;9790.0;0.2963227783;0.0026557712;0.7010214505
202103;Chaco                                             ;4424.0;400.0;24419.0;29243.0;0.151284068;0.0136784872;0.8350374449
202103;Chubut                                            ;3241.0;154.0;9414.0;12809.0;0.2530252166;0.0120227965;0.7349519869
202103;Córdoba                                           ;21961.0;6097.0;101548.0;129606.0;0.1694443158;0.0470425752;0.783513109
202103;Corrientes                                        ;8298.0;782.0;76134.0;85214.0;0.0973783651;0.0091768958;0.8934447391
202103;Entre Ríos                                        ;4091.0;122.0;10701.0;14914.0;0.2743060212;0.0081802333;0.7175137455
202103;Formosa                                           ;1433.0;66.0;23459.0;24958.0;0.0574164597;0.0026444427;0.9399390977
202103;Jujuy                                             ;1714.0;105.0;6348.0;8167.0;0.2098689849;0.0128566181;0.777274397
202103;La Pampa                                          ;2664.0;25.0;8791.0;11480.0;0.2320557491;0.0021777003;0.7657665505
202103;La Rioja                                          ;1187.0;36.0;4374.0;5597.0;0.2120778989;0.0064320172;0.781490084
202103;Mendoza                                           ;6331.0;1259.0;22467.0;30057.0;0.2106331304;0.0418870812;0.7474797884
202103;Misiones                                          ;3765.0;80.0;5256.0;9101.0;0.4136908032;0.0087902428;0.577518954
202103;Neuquén                                           ;3972.0;156.0;10465.0;14593.0;0.2721852943;0.0106900569;0.7171246488
202103;Río Negro                                         ;3173.0;50.0;9480.0;12703.0;0.2497835157;0.0039360781;0.7462804062
202103;Salta                                             ;3536.0;153.0;11485.0;15174.0;0.2330301832;0.0100830368;0.75688678
202103;San Juan                                          ;2277.0;416.0;8592.0;11285.0;0.2017722641;0.0368630926;0.7613646433
202103;San Luis                                          ;10136.0;1492.0;15954.0;27582.0;0.3674860416;0.0540932492;0.5784207092
202103;Santa Cruz                                        ;3520.0;323.0;11241.0;15084.0;0.2333598515;0.0214134182;0.7452267303
202103;Santa Fe                                          ;15438.0;903.0;38834.0;55175.0;0.2798006343;0.0163661078;0.7038332578
202103;Santiago del Estero                               ;2629.0;296.0;10821.0;13746.0;0.191255638;0.021533537;0.787210825
202103;Tierra del Fuego                                  ;1191.0;25.0;3144.0;4360.0;0.2731651376;0.005733945;0.7211009174
202103;Tucumán                                           ;8718.0;1498.0;30761.0;40977.0;0.2127534959;0.036557093;0.7506894111
202104;Buenos Aires                                      ;316026.0;22377.0;373760.0;712163.0;0.4437551516;0.0314211775;0.524823671
202104;CABA                                              ;79693.0;6264.0;249555.0;335512.0;0.2375265266;0.0186699731;0.7438035003
202104;Catamarca                                         ;4592.0;105.0;8507.0;13204.0;0.347773402;0.0079521357;0.6442744623
202104;Chaco                                             ;6301.0;624.0;22012.0;28937.0;0.2177489028;0.0215640875;0.7606870097
202104;Chubut                                            ;4783.0;815.0;10725.0;16323.0;0.293022116;0.0499295473;0.6570483367
202104;Córdoba                                           ;47396.0;9769.0;137728.0;194893.0;0.2431898529;0.0501249404;0.7066852068
202104;Corrientes                                        ;7455.0;165.0;37673.0;45293.0;0.1645949705;0.003642947;0.8317620824
202104;Entre Ríos                                        ;13050.0;356.0;12582.0;25988.0;0.5021548407;0.0136986301;0.4841465292
202104;Formosa                                           ;2058.0;99.0;16893.0;19050.0;0.1080314961;0.0051968504;0.8867716535
202104;Jujuy                                             ;2320.0;203.0;8968.0;11491.0;0.2018971369;0.0176659995;0.7804368636
202104;La Pampa                                          ;6915.0;65.0;14595.0;21575.0;0.3205098494;0.0030127462;0.6764774044
202104;La Rioja                                          ;2645.0;95.0;6425.0;9165.0;0.2885979269;0.010365521;0.7010365521
202104;Mendoza                                           ;24364.0;2162.0;40456.0;66982.0;0.3637395121;0.0322773282;0.6039831597
202104;Misiones                                          ;3555.0;79.0;5344.0;8978.0;0.3959679216;0.0087992871;0.5952327913
202104;Neuquén                                           ;6168.0;1492.0;8910.0;16570.0;0.3722389861;0.090042245;0.5377187689
202104;Río Negro                                         ;6266.0;186.0;9652.0;16104.0;0.3890958768;0.0115499255;0.5993541977
202104;Salta                                             ;5637.0;242.0;15037.0;20916.0;0.2695065978;0.0115700899;0.7189233123
202104;San Juan                                          ;6662.0;1606.0;17154.0;25422.0;0.2620564865;0.0631736291;0.6747698844
202104;San Luis                                          ;26414.0;2196.0;31574.0;60184.0;0.4388874119;0.0364881032;0.5246244849
202104;Santa Cruz                                        ;5391.0;1762.0;10777.0;17930.0;0.3006692694;0.0982710541;0.6010596765
202104;Santa Fe                                          ;43720.0;1700.0;57771.0;103191.0;0.4236803597;0.0164743049;0.5598453353
202104;Santiago del Estero                               ;5574.0;1877.0;9659.0;17110.0;0.3257744009;0.1097019287;0.5645236704
202104;Tierra del Fuego                                  ;2347.0;283.0;4443.0;7073.0;0.331825251;0.0400113106;0.6281634384
202104;Tucumán                                           ;18654.0;2338.0;45982.0;66974.0;0.2785259952;0.0349090692;0.6865649356
202105;Buenos Aires                                      ;309692.0;14777.0;386681.0;711150.0;0.4354805597;0.0207790199;0.5437404204
202105;CABA                                              ;74293.0;3796.0;232946.0;311035.0;0.2388573633;0.0122044143;0.7489382224
202105;Catamarca                                         ;8664.0;351.0;11491.0;20506.0;0.4225104847;0.0171169414;0.5603725739
202105;Chaco                                             ;14009.0;920.0;26530.0;41459.0;0.3379000941;0.0221905979;0.639909308
202105;Chubut                                            ;8059.0;610.0;10957.0;19626.0;0.4106287578;0.0310812188;0.5582900234
202105;Córdoba                                           ;86973.0;14422.0;135518.0;236913.0;0.3671094452;0.0608746671;0.5720158877
202105;Corrientes                                        ;14244.0;288.0;44803.0;59335.0;0.2400606725;0.0048537962;0.7550855313
202105;Entre Ríos                                        ;23403.0;290.0;12358.0;36051.0;0.6491636848;0.0080441597;0.3427921556
202105;Formosa                                           ;26521.0;328.0;75278.0;102127.0;0.2596864688;0.0032116874;0.7371018438
202105;Jujuy                                             ;3527.0;105.0;11393.0;15025.0;0.2347420965;0.0069883527;0.7582695507
202105;La Pampa                                          ;16992.0;181.0;20399.0;37572.0;0.4522516768;0.0048174172;0.542930906
202105;La Rioja                                          ;4033.0;101.0;6744.0;10878.0;0.3707482993;0.009284795;0.6199669057
202105;Mendoza                                           ;24412.0;2050.0;35763.0;62225.0;0.3923182001;0.0329449578;0.5747368421
202105;Misiones                                          ;4904.0;56.0;5686.0;10646.0;0.4606424948;0.0052601916;0.5340973135
202105;Neuquén                                           ;19518.0;2099.0;10981.0;32598.0;0.5987483895;0.0643904534;0.3368611571
202105;Río Negro                                         ;13318.0;147.0;12892.0;26357.0;0.5052927116;0.005577266;0.4891300224
202105;Salta                                             ;10941.0;376.0;16271.0;27588.0;0.3965854719;0.0136291141;0.5897854139
202105;San Juan                                          ;13171.0;2191.0;22236.0;37598.0;0.3503111868;0.0582743763;0.5914144369
202105;San Luis                                          ;14692.0;1986.0;16039.0;32717.0;0.4490631782;0.0607023871;0.4902344347
202105;Santa Cruz                                        ;6740.0;2127.0;12327.0;21194.0;0.3180145324;0.1003585921;0.5816268755
202105;Santa Fe                                          ;71843.0;2877.0;67860.0;142580.0;0.5038785243;0.0201781456;0.4759433301
202105;Santiago del Estero                               ;13319.0;3201.0;8023.0;24543.0;0.5426801939;0.1304241535;0.3268956525
202105;Tierra del Fuego                                  ;2051.0;197.0;4163.0;6411.0;0.3199188894;0.0307284355;0.6493526751
202105;Tucumán                                           ;24399.0;1005.0;54784.0;80188.0;0.3042724597;0.0125330473;0.6831944929
202106;Buenos Aires                                      ;219397.0;12652.0;392329.0;624378.0;0.3513848983;0.0202633661;0.6283517356
202106;CABA                                              ;43060.0;3899.0;219258.0;266217.0;0.1617477471;0.0146459467;0.8236063061
202106;Catamarca                                         ;9668.0;462.0;12501.0;22631.0;0.4272016261;0.0204144757;0.5523838982
202106;Chaco                                             ;18509.0;1350.0;34881.0;54740.0;0.3381256851;0.0246620387;0.6372122762
202106;Chubut                                            ;7941.0;639.0;11744.0;20324.0;0.3907203306;0.0314406613;0.5778390081
202106;Córdoba                                           ;96751.0;13487.0;120541.0;230779.0;0.4192365857;0.0584411927;0.5223222217
202106;Corrientes                                        ;14432.0;272.0;34085.0;48789.0;0.2958043821;0.0055750272;0.6986205907
202106;Entre Ríos                                        ;23071.0;382.0;13512.0;36965.0;0.6241309347;0.0103340998;0.3655349655
202106;Formosa                                           ;14624.0;181.0;108850.0;123655.0;0.1182645263;0.0014637499;0.8802717237
202106;Jujuy                                             ;7339.0;166.0;19315.0;26820.0;0.2736390753;0.0061894109;0.7201715138
202106;La Pampa                                          ;8524.0;175.0;12898.0;21597.0;0.3946844469;0.0081029773;0.5972125758
202106;La Rioja                                          ;4283.0;79.0;5627.0;9989.0;0.4287716488;0.0079086996;0.5633196516
202106;Mendoza                                           ;18522.0;1779.0;33320.0;53621.0;0.3454243673;0.0331772999;0.6213983327
202106;Misiones                                          ;5176.0;91.0;5134.0;10401.0;0.4976444573;0.0087491587;0.493606384
202106;Neuquén                                           ;10323.0;1587.0;9180.0;21090.0;0.4894736842;0.0752489331;0.4352773826
202106;Río Negro                                         ;9216.0;195.0;10915.0;20326.0;0.4534094264;0.0095936239;0.5369969497
202106;Salta                                             ;15967.0;562.0;23056.0;39585.0;0.4033598585;0.014197297;0.5824428445
202106;San Juan                                          ;13545.0;1473.0;25432.0;40450.0;0.3348578492;0.0364153276;0.6287268232
202106;San Luis                                          ;10590.0;2130.0;14276.0;26996.0;0.3922803378;0.0789005779;0.5288190843
202106;Santa Cruz                                        ;3844.0;1879.0;12922.0;18645.0;0.2061678734;0.1007776884;0.6930544382
202106;Santa Fe                                          ;59709.0;4164.0;81392.0;145265.0;0.411035005;0.0286648539;0.5603001411
202106;Santiago del Estero                               ;15435.0;2825.0;9495.0;27755.0;0.5561160151;0.1017834624;0.3421005224
202106;Tierra del Fuego                                  ;1228.0;91.0;4040.0;5359.0;0.229147229;0.01698078;0.753871991
202106;Tucumán                                           ;27419.0;842.0;62683.0;90944.0;0.3014932266;0.0092584448;0.6892483286
202107;Buenos Aires                                      ;125671.0;10860.0;431466.0;567997.0;0.2212529292;0.0191198193;0.7596272516
202107;CABA                                              ;26775.0;2969.0;260417.0;290161.0;0.0922763569;0.0102322504;0.8974913927
202107;Catamarca                                         ;8006.0;321.0;25524.0;33851.0;0.2365070456;0.0094827332;0.7540102213
202107;Chaco                                             ;14267.0;5425.0;43416.0;63108.0;0.2260727642;0.0859637447;0.6879634912
202107;Chubut                                            ;5567.0;490.0;14507.0;20564.0;0.270715814;0.023828049;0.7054561369
202107;Córdoba                                           ;57109.0;10405.0;138611.0;206125.0;0.2770600364;0.0504790782;0.6724608854
202107;Corrientes                                        ;14413.0;451.0;7247.0;22111.0;0.6518474967;0.0203970874;0.3277554159
202107;Entre Ríos                                        ;16227.0;337.0;14521.0;31085.0;0.522020267;0.0108412418;0.4671384912
202107;Formosa                                           ;10113.0;408.0;75913.0;86434.0;0.1170025684;0.0047203647;0.8782770669
202107;Jujuy                                             ;7433.0;147.0;23997.0;31577.0;0.2353928492;0.0046552871;0.7599518637
202107;La Pampa                                          ;8335.0;849.0;18802.0;27986.0;0.2978274852;0.0303365969;0.671835918
202107;La Rioja                                          ;5217.0;75.0;9238.0;14530.0;0.3590502409;0.0051617343;0.6357880248
202107;Mendoza                                           ;13622.0;974.0;32177.0;46773.0;0.2912363971;0.0208239796;0.6879396233
202107;Misiones                                          ;5208.0;126.0;6494.0;11828.0;0.4403111261;0.0106526885;0.5490361853
202107;Neuquén                                           ;5944.0;956.0;10074.0;16974.0;0.3501826323;0.0563214328;0.593495935
202107;Río Negro                                         ;7534.0;182.0;12914.0;20630.0;0.365196316;0.0088221037;0.6259815802
202107;Salta                                             ;13194.0;606.0;25273.0;39073.0;0.3376756328;0.0155094311;0.6468149361
202107;San Juan                                          ;9849.0;470.0;26650.0;36969.0;0.2664123996;0.0127133544;0.720874246
202107;San Luis                                          ;7458.0;1872.0;13190.0;22520.0;0.3311722913;0.0831261101;0.5857015986
202107;Santa Cruz                                        ;2254.0;858.0;14122.0;17234.0;0.1307879773;0.0497853081;0.8194267146
202107;Santa Fe                                          ;40355.0;2091.0;91351.0;133797.0;0.3016136386;0.0156281531;0.6827582083
202107;Santiago del Estero                               ;13735.0;1961.0;10740.0;26436.0;0.5195566652;0.0741791496;0.4062641852
202107;Tierra del Fuego                                  ;1442.0;61.0;4298.0;5801.0;0.2485778314;0.0105154284;0.7409067402
202107;Tucumán                                           ;23054.0;787.0;70367.0;94208.0;0.2447138247;0.0083538553;0.74693232
202108;Buenos Aires                                      ;61027.0;10897.0;466207.0;538131.0;0.1134054719;0.0202497161;0.866344812
202108;CABA                                              ;15463.0;2657.0;312981.0;331101.0;0.0467017617;0.0080247417;0.9452734966
202108;Catamarca                                         ;5641.0;169.0;15569.0;21379.0;0.263857056;0.0079049535;0.7282379906
202108;Chaco                                             ;7128.0;1108.0;41196.0;49432.0;0.1441980903;0.0224146302;0.8333872795
202108;Chubut                                            ;4891.0;302.0;15004.0;20197.0;0.2421646779;0.0149527157;0.7428826063
202108;Córdoba                                           ;37912.0;8067.0;176233.0;222212.0;0.1706118481;0.0363031699;0.7930849819
202108;Corrientes                                        ;8464.0;411.0;9280.0;18155.0;0.4662076563;0.0226383916;0.5111539521
202108;Entre Ríos                                        ;6597.0;228.0;15657.0;22482.0;0.2934347478;0.0101414465;0.6964238057
202108;Formosa                                           ;4636.0;246.0;71771.0;76653.0;0.0604803465;0.0032092677;0.9363103858
202108;Jujuy                                             ;3407.0;120.0;21700.0;25227.0;0.1350537123;0.0047568082;0.8601894795
202108;La Pampa                                          ;4849.0;469.0;21817.0;27135.0;0.1786990971;0.0172839506;0.8040169523
202108;La Rioja                                          ;3059.0;48.0;9144.0;12251.0;0.2496939025;0.0039180475;0.74638805
202108;Mendoza                                           ;7974.0;623.0;37068.0;45665.0;0.1746195117;0.0136428337;0.8117376547
202108;Misiones                                          ;4668.0;43.0;6331.0;11042.0;0.4227495019;0.0038942221;0.573356276
202108;Neuquén                                           ;4495.0;816.0;13471.0;18782.0;0.2393248855;0.0434458524;0.7172292621
202108;Río Negro                                         ;5140.0;108.0;15436.0;20684.0;0.248501257;0.0052214272;0.7462773158
202108;Salta                                             ;6642.0;472.0;22902.0;30016.0;0.2212819829;0.0157249467;0.7629930704
202108;San Juan                                          ;8016.0;409.0;28347.0;36772.0;0.2179919504;0.0111225933;0.7708854563
202108;San Luis                                          ;3867.0;1533.0;10958.0;16358.0;0.2363980927;0.0937156132;0.6698862942
202108;Santa Cruz                                        ;1250.0;271.0;16118.0;17639.0;0.0708656953;0.0153636827;0.9137706219
202108;Santa Fe                                          ;18093.0;1184.0;99065.0;118342.0;0.1528873942;0.010004901;0.8371077048
202108;Santiago del Estero                               ;6117.0;1099.0;12483.0;19699.0;0.3105233768;0.055789634;0.6336869892
202108;Tierra del Fuego                                  ;911.0;21.0;4517.0;5449.0;0.1671866398;0.0038539182;0.8289594421
202108;Tucumán                                           ;15796.0;360.0;73501.0;89657.0;0.1761825624;0.0040153028;0.8198021348
202109;Buenos Aires                                      ;20615.0;8238.0;369920.0;398773.0;0.0516960777;0.0206583695;0.9276455527
202109;CABA                                              ;6097.0;4120.0;278064.0;288281.0;0.0211495034;0.0142916113;0.9645588853
202109;Catamarca                                         ;2645.0;345.0;13665.0;16655.0;0.1588111678;0.0207145002;0.820474332
202109;Chaco                                             ;1172.0;525.0;27405.0;29102.0;0.0402721462;0.0180399973;0.9416878565
202109;Chubut                                            ;1505.0;177.0;12035.0;13717.0;0.1097178683;0.0129036961;0.8773784355
202109;Córdoba                                           ;8210.0;5255.0;130341.0;143806.0;0.0570908029;0.0365422861;0.906366911
202109;Corrientes                                        ;2712.0;115.0;4890.0;7717.0;0.3514319036;0.0149021641;0.6336659324
202109;Entre Ríos                                        ;1347.0;146.0;10669.0;12162.0;0.1107548101;0.0120046045;0.8772405854
202109;Formosa                                           ;946.0;279.0;54770.0;55995.0;0.0168943656;0.0049825877;0.9781230467
202109;Jujuy                                             ;940.0;127.0;14735.0;15802.0;0.059486141;0.0080369573;0.9324769017
202109;La Pampa                                          ;1305.0;308.0;11348.0;12961.0;0.1006866754;0.0237635985;0.8755497261
202109;La Rioja                                          ;642.0;30.0;8413.0;9085.0;0.0706659329;0.0033021464;0.9260319207
202109;Mendoza                                           ;1836.0;829.0;31799.0;34464.0;0.0532729805;0.0240540854;0.9226729341
202109;Misiones                                          ;765.0;46.0;5119.0;5930.0;0.129005059;0.0077571669;0.863237774
202109;Neuquén                                           ;1038.0;907.0;9378.0;11323.0;0.0916718184;0.0801024463;0.8282257352
202109;Río Negro                                         ;1396.0;126.0;11516.0;13038.0;0.1070716368;0.0096640589;0.8832643043
202109;Salta                                             ;2088.0;231.0;15333.0;17652.0;0.1182868797;0.0130863358;0.8686267845
202109;San Juan                                          ;656.0;313.0;15440.0;16409.0;0.0399780608;0.0190748979;0.9409470413
202109;San Luis                                          ;1186.0;1187.0;7160.0;9533.0;0.1244099444;0.1245148432;0.7510752124
202109;Santa Cruz                                        ;296.0;142.0;14422.0;14860.0;0.0199192463;0.0095558546;0.9705248991
202109;Santa Fe                                          ;3076.0;1536.0;60668.0;65280.0;0.047120098;0.0235294118;0.9293504902
202109;Santiago del Estero                               ;1338.0;713.0;11004.0;13055.0;0.1024894676;0.05461509;0.8428954424
202109;Tierra del Fuego                                  ;215.0;13.0;4396.0;4624.0;0.0464965398;0.0028114187;0.9506920415
202109;Tucumán                                           ;5654.0;232.0;44947.0;50833.0;0.1112269589;0.0045639644;0.8842090768
202110;Buenos Aires                                      ;12982.0;6590.0;306396.0;325968.0;0.0398259952;0.0202167084;0.9399572964
202110;CABA                                              ;5779.0;2724.0;238615.0;247118.0;0.0233855891;0.011023074;0.9655913369
202110;Catamarca                                         ;636.0;66.0;10345.0;11047.0;0.0575721915;0.0059744727;0.9364533357
202110;Chaco                                             ;258.0;211.0;15228.0;15697.0;0.0164362617;0.013442059;0.9701216793
202110;Chubut                                            ;569.0;119.0;6621.0;7309.0;0.077849227;0.016281297;0.905869476
202110;Córdoba                                           ;2663.0;3260.0;84727.0;90650.0;0.0293767237;0.0359624931;0.9346607832
202110;Corrientes                                        ;1593.0;107.0;14077.0;15777.0;0.1009697661;0.0067820245;0.8922482094
202110;Entre Ríos                                        ;410.0;107.0;7597.0;8114.0;0.0505299482;0.0131870841;0.9362829677
202110;Formosa                                           ;143.0;51.0;22608.0;22802.0;0.0062713797;0.0022366459;0.9914919744
202110;Jujuy                                             ;397.0;104.0;11558.0;12059.0;0.0329214694;0.008624264;0.9584542665
202110;La Pampa                                          ;333.0;296.0;10133.0;10762.0;0.0309422041;0.0275041814;0.9415536146
202110;La Rioja                                          ;293.0;11.0;3275.0;3579.0;0.0818664431;0.0030734842;0.9150600726
202110;Mendoza                                           ;438.0;934.0;20207.0;21579.0;0.0202975115;0.0432828213;0.9364196673
202110;Misiones                                          ;179.0;19.0;3978.0;4176.0;0.0428639847;0.0045498084;0.9525862069
202110;Neuquén                                           ;515.0;625.0;8058.0;9198.0;0.0559904327;0.0679495543;0.876060013
202110;Río Negro                                         ;854.0;125.0;15585.0;16564.0;0.0515575948;0.0075464864;0.9408959189
202110;Salta                                             ;1262.0;216.0;12613.0;14091.0;0.0895607125;0.0153289334;0.8951103541
202110;San Juan                                          ;198.0;129.0;10423.0;10750.0;0.0184186047;0.012;0.9695813953
202110;San Luis                                          ;597.0;797.0;4889.0;6283.0;0.0950183034;0.1268502308;0.7781314659
202110;Santa Cruz                                        ;120.0;79.0;10439.0;10638.0;0.0112803158;0.0074262079;0.9812934762
202110;Santa Fe                                          ;1224.0;279.0;41514.0;43017.0;0.0284538671;0.0064858079;0.965060325
202110;Santiago del Estero                               ;417.0;148.0;8830.0;9395.0;0.0443853113;0.0157530601;0.9398616285
202110;Tierra del Fuego                                  ;37.0;8.0;3104.0;3149.0;0.0117497618;0.002540489;0.9857097491
202110;Tucumán                                           ;2206.0;204.0;30869.0;33279.0;0.0662880495;0.0061299919;0.9275819586
202111;Buenos Aires                                      ;16686.0;7072.0;268667.0;292425.0;0.0570607848;0.0241839788;0.9187552364
202111;CABA                                              ;8042.0;3364.0;188710.0;200116.0;0.0401866917;0.0168102501;0.9430030582
202111;Catamarca                                         ;302.0;63.0;6757.0;7122.0;0.0424038192;0.0088458298;0.948750351
202111;Chaco                                             ;142.0;167.0;11234.0;11543.0;0.0123018279;0.0144676427;0.9732305293
202111;Chubut                                            ;393.0;68.0;4322.0;4783.0;0.0821660046;0.0142170186;0.9036169768
202111;Córdoba                                           ;2816.0;2252.0;73078.0;78146.0;0.0360351138;0.0288178538;0.9351470325
202111;Corrientes                                        ;1041.0;74.0;15114.0;16229.0;0.0641444328;0.0045597387;0.9312958285
202111;Entre Ríos                                        ;312.0;90.0;5647.0;6049.0;0.0515787734;0.0148784923;0.9335427343
202111;Formosa                                           ;44.0;104.0;13629.0;13777.0;0.0031937287;0.0075488132;0.9892574581
202111;Jujuy                                             ;451.0;38.0;9673.0;10162.0;0.0443810274;0.0037394214;0.9518795513
202111;La Pampa                                          ;128.0;166.0;6671.0;6965.0;0.0183776023;0.023833453;0.9577889447
202111;La Rioja                                          ;62.0;14.0;3309.0;3385.0;0.0183161004;0.0041358936;0.9775480059
202111;Mendoza                                           ;793.0;691.0;18539.0;20023.0;0.0396044549;0.0345103131;0.925885232
202111;Misiones                                          ;340.0;16.0;3802.0;4158.0;0.0817700818;0.0038480038;0.9143819144
202111;Neuquén                                           ;1496.0;763.0;7607.0;9866.0;0.151631867;0.0773363065;0.7710318265
202111;Río Negro                                         ;1638.0;105.0;17338.0;19081.0;0.0858445574;0.0055028562;0.9086525863
202111;Salta                                             ;2170.0;304.0;14710.0;17184.0;0.1262802607;0.0176908752;0.8560288641
202111;San Juan                                          ;96.0;340.0;6418.0;6854.0;0.0140064196;0.0496060694;0.9363875109
202111;San Luis                                          ;506.0;604.0;4844.0;5954.0;0.0849848841;0.1014444071;0.8135707088
202111;Santa Cruz                                        ;56.0;110.0;9271.0;9437.0;0.0059340892;0.0116562467;0.9824096641
202111;Santa Fe                                          ;1213.0;372.0;35791.0;37376.0;0.0324539812;0.009952911;0.9575931079
202111;Santiago del Estero                               ;175.0;119.0;8406.0;8700.0;0.0201149425;0.0136781609;0.9662068966
202111;Tierra del Fuego                                  ;30.0;14.0;1549.0;1593.0;0.0188323917;0.0087884495;0.9723791588
202111;Tucumán                                           ;5468.0;210.0;34972.0;40650.0;0.1345141451;0.0051660517;0.8603198032
202112;Buenos Aires                                      ;128384.0;12401.0;385835.0;526620.0;0.2437886901;0.0235482891;0.7326630208
202112;CABA                                              ;78100.0;5307.0;295099.0;378506.0;0.2063375481;0.0140209138;0.779641538
202112;Catamarca                                         ;3188.0;234.0;9893.0;13315.0;0.2394292152;0.0175741645;0.7429966204
202112;Chaco                                             ;3487.0;233.0;19382.0;23102.0;0.1509393126;0.0100857069;0.8389749805
202112;Chubut                                            ;1186.0;139.0;4646.0;5971.0;0.1986266957;0.0232791827;0.7780941216
202112;Córdoba                                           ;76903.0;8611.0;112928.0;198442.0;0.387533889;0.0433930317;0.5690730793
202112;Corrientes                                        ;2947.0;107.0;18394.0;21448.0;0.1374020888;0.0049888101;0.8576091011
202112;Entre Ríos                                        ;2577.0;231.0;7927.0;10735.0;0.2400558919;0.0215183978;0.7384257103
202112;Formosa                                           ;1265.0;102.0;36255.0;37622.0;0.0336239434;0.0027111796;0.9636648769
202112;Jujuy                                             ;2824.0;88.0;12329.0;15241.0;0.1852896792;0.0057738994;0.8089364215
202112;La Pampa                                          ;3487.0;515.0;12380.0;16382.0;0.2128555732;0.031436943;0.7557074838
202112;La Rioja                                          ;843.0;30.0;5260.0;6133.0;0.1374531225;0.0048915702;0.8576553074
202112;Mendoza                                           ;5658.0;393.0;22134.0;28185.0;0.2007450772;0.013943587;0.7853113358
202112;Misiones                                          ;1390.0;24.0;4457.0;5871.0;0.2367569409;0.0040878896;0.7591551695
202112;Neuquén                                           ;5049.0;1051.0;9071.0;15171.0;0.3328060115;0.0692769099;0.5979170786
202112;Río Negro                                         ;5071.0;177.0;11802.0;17050.0;0.2974193548;0.0103812317;0.6921994135
202112;Salta                                             ;6818.0;696.0;16855.0;24369.0;0.2797816899;0.0285608765;0.6916574336
202112;San Juan                                          ;1990.0;258.0;10291.0;12539.0;0.1587048409;0.0205758035;0.8207193556
202112;San Luis                                          ;1811.0;986.0;5079.0;7876.0;0.2299390554;0.125190452;0.6448704926
202112;Santa Cruz                                        ;3223.0;543.0;10268.0;14034.0;0.2296565484;0.0386917486;0.731651703
202112;Santa Fe                                          ;17999.0;1129.0;49760.0;68888.0;0.2612791778;0.0163889211;0.7223319011
202112;Santiago del Estero                               ;2846.0;113.0;8603.0;11562.0;0.2461511849;0.0097733956;0.7440754195
202112;Tierra del Fuego                                  ;589.0;26.0;1804.0;2419.0;0.2434890451;0.0107482431;0.7457627119
202112;Tucumán                                           ;17703.0;336.0;61670.0;79709.0;0.2220953719;0.0042153333;0.7736892948
202201;Buenos Aires                                      ;1033948.0;78673.0;517789.0;1630410.0;0.6341644126;0.0482535068;0.3175820806
202201;CABA                                              ;335718.0;17057.0;101388.0;454163.0;0.7392015642;0.0375570005;0.2232414353
202201;Catamarca                                         ;23618.0;396.0;12886.0;36900.0;0.6400542005;0.0107317073;0.3492140921
202201;Chaco                                             ;54103.0;1903.0;40845.0;96851.0;0.5586209745;0.0196487388;0.4217302867
202201;Chubut                                            ;24262.0;1410.0;9845.0;35517.0;0.6831094969;0.0396992989;0.2771912042
202201;Córdoba                                           ;302381.0;31016.0;126929.0;460326.0;0.6568844688;0.0673783362;0.2757371949
202201;Corrientes                                        ;23727.0;763.0;25393.0;49883.0;0.4756530281;0.0152957922;0.5090511798
202201;Entre Ríos                                        ;47853.0;2494.0;17289.0;67636.0;0.7075078361;0.0368738542;0.2556183098
202201;Formosa                                           ;37212.0;747.0;54745.0;92704.0;0.4014066275;0.0080579047;0.5905354677
202201;Jujuy                                             ;50372.0;94.0;28723.0;79189.0;0.636098448;0.0011870336;0.3627145184
202201;La Pampa                                          ;27450.0;1450.0;26918.0;55818.0;0.4917768462;0.0259772833;0.4822458705
202201;La Rioja                                          ;8885.0;159.0;11504.0;20548.0;0.4324021803;0.0077379794;0.5598598404
202201;Mendoza                                           ;82523.0;3262.0;47993.0;133778.0;0.6168652544;0.0243836804;0.3587510652
202201;Misiones                                          ;10446.0;137.0;9549.0;20132.0;0.5188754222;0.0068050864;0.4743194914
202201;Neuquén                                           ;40704.0;2026.0;8377.0;51107.0;0.7964466707;0.0396423191;0.1639110102
202201;Río Negro                                         ;30511.0;321.0;11412.0;42244.0;0.7222564151;0.0075987122;0.2701448726
202201;Salta                                             ;57666.0;2769.0;27641.0;88076.0;0.6547300059;0.0314387574;0.3138312367
202201;San Juan                                          ;67714.0;3052.0;59830.0;130596.0;0.5184998009;0.0233697816;0.4581304175
202201;San Luis                                          ;12397.0;2382.0;8842.0;23621.0;0.5248296008;0.1008424707;0.3743279285
202201;Santa Cruz                                        ;21036.0;4680.0;15061.0;40777.0;0.5158790495;0.1147705815;0.3693503691
202201;Santa Fe                                          ;204975.0;7312.0;74391.0;286678.0;0.7150008023;0.0255059684;0.2594932293
202201;Santiago del Estero                               ;37375.0;4167.0;13810.0;55352.0;0.6752240208;0.0752818326;0.2494941466
202201;Tierra del Fuego                                  ;10399.0;136.0;1984.0;12519.0;0.8306574008;0.0108634875;0.1584791118
202201;Tucumán                                           ;84614.0;1209.0;61360.0;147183.0;0.5748897631;0.0082142639;0.416895973
202202;Buenos Aires                                      ;189888.0;15006.0;307901.0;512795.0;0.3703000224;0.0292631558;0.6004368217
202202;CABA                                              ;44244.0;4679.0;208635.0;257558.0;0.1717826664;0.0181667819;0.8100505517
202202;Catamarca                                         ;5076.0;222.0;8176.0;13474.0;0.3767255455;0.0164761763;0.6067982782
202202;Chaco                                             ;7648.0;331.0;15149.0;23128.0;0.3306814251;0.0143116569;0.655006918
202202;Chubut                                            ;5223.0;318.0;5196.0;10737.0;0.4864487287;0.0296172115;0.4839340598
202202;Córdoba                                           ;48300.0;5911.0;82872.0;137083.0;0.3523412823;0.0431198617;0.604538856
202202;Corrientes                                        ;8577.0;246.0;14881.0;23704.0;0.3618376645;0.0103779953;0.6277843402
202202;Entre Ríos                                        ;8909.0;579.0;8871.0;18359.0;0.485266082;0.0315376655;0.4831962525
202202;Formosa                                           ;11773.0;173.0;30577.0;42523.0;0.2768619335;0.0040683865;0.7190696799
202202;Jujuy                                             ;2422.0;61.0;15131.0;17614.0;0.137504258;0.0034631543;0.8590325877
202202;La Pampa                                          ;4509.0;289.0;9744.0;14542.0;0.310067391;0.0198734699;0.670059139
202202;La Rioja                                          ;10217.0;139.0;10372.0;20728.0;0.4929081436;0.0067059051;0.5003859514
202202;Mendoza                                           ;12064.0;368.0;16917.0;29349.0;0.4110531875;0.0125387577;0.5764080548
202202;Misiones                                          ;8009.0;37.0;9753.0;17799.0;0.4499690994;0.0020787685;0.5479521321
202202;Neuquén                                           ;5461.0;682.0;3391.0;9534.0;0.5727921124;0.0715334592;0.3556744284
202202;Río Negro                                         ;5598.0;107.0;6552.0;12257.0;0.4567186098;0.0087297055;0.5345516848
202202;Salta                                             ;3410.0;653.0;17658.0;21721.0;0.1569909304;0.0300630726;0.812945997
202202;San Juan                                          ;4660.0;266.0;9956.0;14882.0;0.3131299557;0.0178739417;0.6689961027
202202;San Luis                                          ;975.0;577.0;2680.0;4232.0;0.2303875236;0.136342155;0.6332703214
202202;Santa Cruz                                        ;2367.0;1194.0;9575.0;13136.0;0.1801918392;0.0908952497;0.7289129111
202202;Santa Fe                                          ;36477.0;4414.0;40858.0;81749.0;0.4462072931;0.0539945443;0.4997981627
202202;Santiago del Estero                               ;1517.0;189.0;12371.0;14077.0;0.1077644384;0.0134261561;0.8788094054
202202;Tierra del Fuego                                  ;2884.0;38.0;1387.0;4309.0;0.6692968206;0.0088187515;0.3218844279
202202;Tucumán                                           ;16757.0;330.0;29603.0;46690.0;0.3588991219;0.0070678946;0.6340329835
202203;Buenos Aires                                      ;57808.0;12245.0;273133.0;343186.0;0.1684450997;0.0356803599;0.7958745403
202203;CABA                                              ;15555.0;3913.0;186510.0;205978.0;0.0755177737;0.0189971745;0.9054850518
202203;Catamarca                                         ;756.0;209.0;10195.0;11160.0;0.0677419355;0.0187275986;0.9135304659
202203;Chaco                                             ;1182.0;119.0;13368.0;14669.0;0.0805780898;0.0081123458;0.9113095644
202203;Chubut                                            ;2247.0;154.0;5479.0;7880.0;0.2851522843;0.0195431472;0.6953045685
202203;Córdoba                                           ;11567.0;2187.0;83949.0;97703.0;0.1183894046;0.0223841643;0.8592264311
202203;Corrientes                                        ;1266.0;116.0;7311.0;8693.0;0.1456344185;0.0133440699;0.8410215116
202203;Entre Ríos                                        ;2509.0;209.0;9696.0;12414.0;0.2021105204;0.0168358305;0.7810536491
202203;Formosa                                           ;1339.0;53.0;25848.0;27240.0;0.0491556535;0.0019456681;0.9488986784
202203;Jujuy                                             ;167.0;53.0;11167.0;11387.0;0.014665847;0.0046544305;0.9806797225
202203;La Pampa                                          ;1264.0;545.0;9908.0;11717.0;0.107877443;0.0465136127;0.8456089443
202203;La Rioja                                          ;2207.0;29.0;7233.0;9469.0;0.2330763544;0.0030626254;0.7638610202
202203;Mendoza                                           ;2110.0;358.0;21203.0;23671.0;0.0891386084;0.0151239914;0.8957374002
202203;Misiones                                          ;8477.0;33.0;12710.0;21220.0;0.3994816211;0.0015551367;0.5989632422
202203;Neuquén                                           ;1286.0;703.0;3588.0;5577.0;0.2305899229;0.1260534337;0.6433566434
202203;Río Negro                                         ;1509.0;74.0;6425.0;8008.0;0.1884365634;0.0092407592;0.8023226773
202203;Salta                                             ;464.0;308.0;10531.0;11303.0;0.0410510484;0.0272494028;0.9316995488
202203;San Juan                                          ;512.0;178.0;10488.0;11178.0;0.0458042584;0.0159241367;0.9382716049
202203;San Luis                                          ;936.0;853.0;10191.0;11980.0;0.078130217;0.0712020033;0.8506677796
202203;Santa Cruz                                        ;951.0;538.0;8594.0;10083.0;0.0943171675;0.0533571358;0.8523256967
202203;Santa Fe                                          ;5187.0;521.0;35324.0;41032.0;0.1264135309;0.0126974069;0.8608890622
202203;Santiago del Estero                               ;206.0;210.0;12638.0;13054.0;0.0157806036;0.0160870231;0.9681323732
202203;Tierra del Fuego                                  ;262.0;14.0;1509.0;1785.0;0.1467787115;0.0078431373;0.8453781513
202203;Tucumán                                           ;5360.0;428.0;22972.0;28760.0;0.1863699583;0.0148817803;0.7987482615
202204;Buenos Aires                                      ;12686.0;5957.0;115814.0;134457.0;0.0943498665;0.044304127;0.8613460065
202204;CABA                                              ;10967.0;2069.0;103518.0;116554.0;0.0940937248;0.0177514285;0.8881548467
202204;Catamarca                                         ;131.0;45.0;2817.0;2993.0;0.0437687939;0.0150350819;0.9411961243
202204;Chaco                                             ;116.0;64.0;3991.0;4171.0;0.0278110765;0.0153440422;0.9568448813
202204;Chubut                                            ;741.0;73.0;2174.0;2988.0;0.2479919679;0.0244310576;0.7275769746
202204;Córdoba                                           ;2654.0;751.0;32599.0;36004.0;0.0737140318;0.0208587935;0.9054271748
202204;Corrientes                                        ;487.0;41.0;1805.0;2333.0;0.2087441063;0.0175739391;0.7736819546
202204;Entre Ríos                                        ;476.0;195.0;4113.0;4784.0;0.0994983278;0.0407608696;0.8597408027
202204;Formosa                                           ;111.0;73.0;14341.0;14525.0;0.0076419966;0.0050258176;0.9873321859
202204;Jujuy                                             ;29.0;39.0;4395.0;4463.0;0.0064978714;0.0087385167;0.9847636119
202204;La Pampa                                          ;437.0;227.0;4952.0;5616.0;0.0778133903;0.0404202279;0.8817663818
202204;La Rioja                                          ;52.0;14.0;2181.0;2247.0;0.0231419671;0.0062305296;0.9706275033
202204;Mendoza                                           ;599.0;228.0;10486.0;11313.0;0.052947936;0.0201538054;0.9268982586
202204;Misiones                                          ;6504.0;14.0;10507.0;17025.0;0.3820264317;0.0008223201;0.6171512482
202204;Neuquén                                           ;404.0;471.0;2698.0;3573.0;0.1130702491;0.1318219983;0.7551077526
202204;Río Negro                                         ;562.0;36.0;3282.0;3880.0;0.1448453608;0.0092783505;0.8458762887
202204;Salta                                             ;201.0;88.0;4473.0;4762.0;0.0422091558;0.0184796304;0.9393112138
202204;San Juan                                          ;140.0;149.0;5000.0;5289.0;0.0264700321;0.0281716771;0.9453582908
202204;San Luis                                          ;272.0;369.0;4372.0;5013.0;0.0542589268;0.0736086176;0.8721324556
202204;Santa Cruz                                        ;600.0;209.0;3638.0;4447.0;0.1349224196;0.0469979762;0.8180796042
202204;Santa Fe                                          ;1543.0;116.0;10847.0;12506.0;0.1233807772;0.0092755477;0.867343675
202204;Santiago del Estero                               ;49.0;80.0;10850.0;10979.0;0.0044630659;0.0072866381;0.988250296
202204;Tierra del Fuego                                  ;47.0;7.0;615.0;669.0;0.0702541106;0.0104633782;0.9192825112
202204;Tucumán                                           ;461.0;281.0;7507.0;8249.0;0.0558855619;0.0340647351;0.910049703
202205;Buenos Aires                                      ;56477.0;9134.0;133067.0;198678.0;0.2842639849;0.0459738874;0.6697621277
202205;CABA                                              ;52778.0;6643.0;118180.0;177601.0;0.2971717502;0.0374040687;0.6654241812
202205;Catamarca                                         ;440.0;81.0;3432.0;3953.0;0.1113078674;0.0204907665;0.8682013661
202205;Chaco                                             ;295.0;41.0;2237.0;2573.0;0.114652157;0.0159347066;0.8694131364
202205;Chubut                                            ;482.0;49.0;1349.0;1880.0;0.2563829787;0.0260638298;0.7175531915
202205;Córdoba                                           ;14388.0;2655.0;45272.0;62315.0;0.2308914387;0.0426061141;0.7265024472
202205;Corrientes                                        ;3069.0;83.0;1297.0;4449.0;0.6898179366;0.0186558777;0.2915261857
202205;Entre Ríos                                        ;766.0;120.0;2869.0;3755.0;0.2039946738;0.0319573901;0.7640479361
202205;Formosa                                           ;133.0;68.0;9516.0;9717.0;0.0136873521;0.0069980447;0.9793146033
202205;Jujuy                                             ;92.0;40.0;3070.0;3202.0;0.0287320425;0.0124921924;0.9587757651
202205;La Pampa                                          ;4130.0;1365.0;5699.0;11194.0;0.3689476505;0.1219403252;0.5091120243
202205;La Rioja                                          ;92.0;23.0;1940.0;2055.0;0.0447688564;0.0111922141;0.9440389294
202205;Mendoza                                           ;1490.0;615.0;6683.0;8788.0;0.1695493855;0.0699817934;0.7604688211
202205;Misiones                                          ;5887.0;20.0;10746.0;16653.0;0.3535098781;0.0012009848;0.6452891371
202205;Neuquén                                           ;561.0;332.0;2076.0;2969.0;0.1889525093;0.1118221623;0.6992253284
202205;Río Negro                                         ;749.0;39.0;2855.0;3643.0;0.2055997804;0.0107054625;0.7836947571
202205;Salta                                             ;228.0;67.0;3886.0;4181.0;0.0545324085;0.0160248744;0.9294427171
202205;San Juan                                          ;2164.0;155.0;3539.0;5858.0;0.3694093547;0.0264595425;0.6041311028
202205;San Luis                                          ;267.0;143.0;1350.0;1760.0;0.1517045455;0.08125;0.7670454545
202205;Santa Cruz                                        ;522.0;117.0;2863.0;3502.0;0.1490576813;0.0334094803;0.8175328384
202205;Santa Fe                                          ;2950.0;165.0;9375.0;12490.0;0.2361889512;0.0132105685;0.7506004804
202205;Santiago del Estero                               ;114.0;36.0;11989.0;12139.0;0.0093912184;0.0029656479;0.9876431337
202205;Tierra del Fuego                                  ;93.0;13.0;432.0;538.0;0.1728624535;0.0241635688;0.8029739777
202205;Tucumán                                           ;1350.0;417.0;9027.0;10794.0;0.125069483;0.0386325737;0.8362979433
202206;Buenos Aires                                      ;8100.0;4232.0;16367.0;28699.0;0.2822397993;0.147461584;0.5702986167
202206;CABA                                              ;5326.0;2307.0;14135.0;21768.0;0.2446710768;0.1059812569;0.6493476663
202206;Catamarca                                         ;161.0;358.0;164.0;683.0;0.2357247438;0.5241581259;0.2401171303
202206;Chaco                                             ;44.0;78.0;208.0;330.0;0.1333333333;0.2363636364;0.6303030303
202206;Chubut                                            ;200.0;219.0;256.0;675.0;0.2962962963;0.3244444444;0.3792592593
202206;Córdoba                                           ;2467.0;1261.0;7120.0;10848.0;0.2274151917;0.1162426254;0.6563421829
202206;Corrientes                                        ;521.0;36.0;243.0;800.0;0.65125;0.045;0.30375
202206;Entre Ríos                                        ;135.0;251.0;271.0;657.0;0.2054794521;0.3820395738;0.4124809741
202206;Formosa                                           ;29.0;16.0;1214.0;1259.0;0.0230341541;0.0127084988;0.9642573471
202206;Jujuy                                             ;41.0;144.0;394.0;579.0;0.0708117444;0.2487046632;0.6804835924
202206;La Pampa                                          ;234.0;658.0;133.0;1025.0;0.2282926829;0.6419512195;0.1297560976
202206;La Rioja                                          ;86.0;311.0;192.0;589.0;0.1460101868;0.5280135823;0.3259762309
202206;Mendoza                                           ;542.0;760.0;660.0;1962.0;0.2762487258;0.3873598369;0.3363914373
202206;Misiones                                          ;357.0;11.0;707.0;1075.0;0.3320930233;0.0102325581;0.6576744186
202206;Neuquén                                           ;139.0;102.0;259.0;500.0;0.278;0.204;0.518
202206;Río Negro                                         ;167.0;67.0;410.0;644.0;0.2593167702;0.1040372671;0.6366459627
202206;Salta                                             ;48.0;205.0;381.0;634.0;0.0757097792;0.3233438486;0.6009463722
202206;San Juan                                          ;562.0;665.0;106.0;1333.0;0.4216054014;0.4988747187;0.07951988
202206;San Luis                                          ;63.0;43.0;245.0;351.0;0.1794871795;0.1225071225;0.698005698
202206;Santa Cruz                                        ;172.0;75.0;282.0;529.0;0.3251417769;0.1417769376;0.5330812854
202206;Santa Fe                                          ;580.0;416.0;1200.0;2196.0;0.2641165756;0.189435337;0.5464480874
202206;Santiago del Estero                               ;26.0;113.0;1737.0;1876.0;0.0138592751;0.0602345416;0.9259061834
202206;Tierra del Fuego                                  ;15.0;10.0;63.0;88.0;0.1704545455;0.1136363636;0.7159090909
202206;Tucumán                                           ;283.0;517.0;759.0;1559.0;0.1815266196;0.3316228352;0.4868505452
